time,flow,temp,salt,OXY_oxy,NIT_amm,NIT_nit,PHS_frp,OGM_DOC,OGM_POC,SIL_rsi
2008-01-01,17.1666,6.3444,0.392496,398.4375,9.471428572,49.54285714,1.052903226,773.5,102,12.75
2008-01-02,13.7764,3.9742,0.238576,242.1875,5.757142857,30.11428571,0.64,470.1666666,62,7.75
2008-01-03,43.2765,9.4341,0.681096,691.40625,16.43571429,85.97142857,1.827096775,1342.25,177,22.125
2008-01-04,17.9714,4.3542,0.454064,460.9375,10.95714286,57.31428571,1.218064517,894.8333333,118,14.75
2008-01-05,22.9218,4.9981,0.581048,589.84375,14.02142857,73.34285714,1.558709678,1145.083333,151,18.875
2008-01-06,15.4008,2.9808,0.277056,281.25,6.685714286,34.97142857,0.743225807,546,72,9
2008-01-07,33.9556,8.3616,0.515632,523.4375,12.44285714,65.08571428,1.383225807,1016.166667,134,16.75
2008-01-08,11.918,3.9235,0.227032,230.46875,5.478571429,28.65714286,0.609032258,447.4166666,59,7.375
2008-01-09,30.4656,7.4184,0.507936,515.625,12.25714286,64.11428571,1.362580646,1001,132,16.5
2008-01-10,29.62,5.82,0.3848,390.625,9.285714286,48.57142857,1.032258065,758.3333333,100,12.5
2008-01-11,25.473,7.875,0.40404,410.15625,9.75,51,1.083870968,796.25,105,13.125
2008-01-12,37.1844,8.1708,0.507936,515.625,12.25714286,64.11428571,1.362580646,1001,132,16.5
2008-01-13,16.4132,4.2994,0.284752,289.0625,6.871428572,35.94285714,0.763870968,561.1666666,74,9.25
2008-01-14,26.946,8.0055,0.51948,527.34375,12.53571429,65.57142857,1.393548388,1023.75,135,16.875
2008-01-15,23.6455,5.795,0.36556,371.09375,8.821428572,46.14285714,0.980645162,720.4166666,95,11.875
2008-01-16,33.3,8.875,0.481,488.28125,11.60714286,60.71428571,1.290322581,947.9166666,125,15.625
2008-01-17,10.3326,3.3762,0.196248,199.21875,4.735714286,24.77142857,0.526451613,386.75,51,6.375
2008-01-18,25.074,10.2186,0.484848,492.1875,11.7,61.2,1.300645162,955.5,126,15.75
2008-01-19,40.1258,13.299,0.550264,558.59375,13.27857143,69.45714286,1.476129033,1084.416667,143,17.875
2008-01-20,29.502,7.965,0.34632,351.5625,8.357142857,43.71428571,0.929032259,682.5,90,11.25
2008-01-21,77.856,18.5472,0.738816,750,17.82857143,93.25714285,1.981935485,1456,192,24
2008-01-22,38.664,6.0264,0.277056,281.25,6.685714286,34.97142857,0.743225807,546,72,9
2008-01-23,64.0552,5.3416,0.338624,343.75,8.171428572,42.74285714,0.908387097,667.3333333,88,11
2008-01-24,149.38,14.2,0.7696,781.25,18.57142857,97.14285714,2.06451613,1516.666667,200,25
2008-01-25,107.4129,9.8931,0.565656,574.21875,13.65,71.4,1.517419356,1114.75,147,18.375
2008-01-26,95.9646,9.717,0.473304,480.46875,11.42142857,59.74285714,1.26967742,932.75,123,15.375
2008-01-27,40.3389,4.5675,0.242424,246.09375,5.85,30.6,0.650322581,477.75,63,7.875
2008-01-28,84.8331,8.733,0.473304,480.46875,11.42142857,59.74285714,1.26967742,932.75,123,15.375
2008-01-29,78.3914,9.8503,0.527176,535.15625,12.72142857,66.54285714,1.414193549,1038.916667,137,17.125
2008-01-30,51.5221,6.3457,0.342472,347.65625,8.264285715,43.22857143,0.918709678,674.9166666,89,11.125
2008-01-31,29.4084,3.5586,0.207792,210.9375,5.014285714,26.22857143,0.557419355,409.5,54,6.75
2008-02-01,35.9652,4.2364,0.261664,265.625,6.314285714,33.02857143,0.701935484,515.6666666,68,8.5
2008-02-02,49.8256,5.1744,0.338624,343.75,8.171428572,42.74285714,0.908387097,667.3333333,88,11
2008-02-03,61.4988,6.7716,0.507936,515.625,12.25714286,64.11428571,1.362580646,1001,132,16.5
2008-02-04,76.9482,9.6333,0.758056,769.53125,18.29285714,95.68571428,2.033548388,1493.916667,197,24.625
2008-02-05,32.2608,5.28,0.338624,343.75,8.171428572,42.74285714,0.908387097,667.3333333,88,11
2008-02-06,28.903,5.6,0.26936,273.4375,6.5,34,0.722580646,530.8333333,70,8.75
2008-02-07,48.6783,8.712,0.465608,472.65625,11.23571429,58.77142857,1.249032259,917.5833333,121,15.125
2008-02-08,45.3546,7.8255,0.427128,433.59375,10.30714286,53.91428571,1.145806452,841.75,111,13.875
2008-02-09,24.8409,4.8636,0.242424,246.09375,5.85,30.6,0.650322581,477.75,63,7.875
2008-02-10,68.1239,12.4722,0.650312,660.15625,15.69285714,82.08571428,1.74451613,1281.583333,169,21.125
2008-02-11,70.4007,13.2997,0.6829745,671.25,10.22857143,152.15,1.616774193,1372.333333,149.1666667,22.375
2008-02-12,74.4184,15.2678,0.740207,727.5,11.08571429,164.9,1.752258064,1487.333333,161.6666667,24.25
2008-02-13,55.605,11.835,0.572325,562.5,8.571428571,127.5,1.354838709,1150,125,18.75
2008-02-14,44.9625,9.6,0.4769375,468.75,7.142857143,106.25,1.129032258,958.3333334,104.1666667,15.625
2008-02-15,22.2952,4.1602,0.236561,232.5,3.542857143,52.7,0.56,475.3333334,51.66666666,7.75
2008-02-16,64.84,10.98,0.7631,750,11.42857143,170,1.806451612,1533.333333,166.6666667,25
2008-02-17,41.013,6.5898,0.480753,472.5,7.2,107.1,1.138064516,966,105,15.75
2008-02-18,20.5971,4.3026,0.2709005,266.25,4.057142857,60.35,0.641290322,544.3333334,59.16666666,8.875
2008-02-19,45.0221,9.4798,0.5303545,521.25,7.942857142,118.15,1.25548387,1065.666667,115.8333333,17.375
2008-02-20,48.8131,10.275,0.5227235,513.75,7.828571428,116.45,1.237419354,1050.333333,114.1666667,17.125
2008-02-21,50.8372,11.315,0.557063,547.5,8.342857142,124.1,1.318709677,1119.333333,121.6666667,18.25
2008-02-22,46.9636,13.426,0.5227235,513.75,7.828571428,116.45,1.237419354,1050.333333,114.1666667,17.125
2008-02-23,45.0275,13.3455,0.5914025,581.25,8.857142857,131.75,1.399999999,1188.333333,129.1666667,19.375
2008-02-24,23.28,7.05,0.2861625,281.25,4.285714286,63.75,0.677419355,575,62.5,9.375
2008-02-25,56.5664,16.544,0.671528,660,10.05714286,149.6,1.589677419,1349.333333,146.6666667,22
2008-02-26,24.0552,6.912,0.274716,270,4.114285714,61.2,0.65032258,552,60,9
2008-02-27,58.1191,16.6882,0.6906055,678.75,10.34285714,153.85,1.634838709,1387.666667,150.8333333,22.625
2008-02-28,28.0674,7.5795,0.3548415,348.75,5.314285714,79.05,0.84,713,77.5,11.625
2008-02-29,42.1427,10.8992,0.4998305,491.25,7.485714285,111.35,1.183225806,1004.333333,109.1666667,16.375
2008-03-01,51.185,13.0645,0.5532475,543.75,8.285714285,123.25,1.309677419,1111.666667,120.8333333,18.125
2008-03-02,43.792,9.6715,0.4387825,431.25,6.571428571,97.75,1.038709677,881.6666667,95.83333333,14.375
2008-03-03,68.8215,13.9095,0.6295575,618.75,9.428571428,140.25,1.49032258,1265,137.5,20.625
2008-03-04,39.0357,7.0092,0.3777345,371.25,5.657142857,84.15,0.894193548,759,82.5,12.375
2008-03-05,46.5674,7.6128,0.465491,457.5,6.971428571,103.7,1.101935483,935.3333334,101.6666667,15.25
2008-03-06,60.2912,9.6778,0.633373,622.5,9.485714285,141.1,1.499354838,1272.666667,138.3333333,20.75
2008-03-07,93.2736,15.744,0.732576,720,10.97142857,163.2,1.734193548,1472,160,24
2008-03-08,50.22,10.0936,0.473122,465,7.085714285,105.4,1.119999999,950.6666667,103.3333333,15.5
2008-03-09,37.8144,7.7664,0.366288,360,5.485714285,81.6,0.867096774,736,80,12
2008-03-10,66.0016,16.268,0.632294,653.625,3.557142857,111.4571429,0.535483871,1383.333333,276.6666667,20.75
2008-03-11,70.8682,18.818,0.738946,763.875,4.157142857,130.2571429,0.625806451,1616.666667,323.3333334,24.25
2008-03-12,41.7422,10.622,0.430417,444.9375,2.421428572,75.87142857,0.364516129,941.6666666,188.3333334,14.125
2008-03-13,22.4316,4.9842,0.205686,212.625,1.157142857,36.25714286,0.174193548,450,90.00000002,6.75
2008-03-14,68.0085,13.005,0.582777,602.4375,3.278571429,102.7285714,0.493548387,1275,255.0000001,19.125
2008-03-15,47.0184,11.1381,0.521833,539.4375,2.935714286,91.98571428,0.441935484,1141.666667,228.3333334,17.125
2008-03-16,49.6372,10.3292,0.472316,488.25,2.657142857,83.25714285,0.4,1033.333333,206.6666667,15.5
2008-03-17,74.2664,17.2156,0.735137,759.9375,4.135714286,129.5857143,0.622580645,1608.333333,321.6666667,24.125
2008-03-18,32.5325,5.5286,0.293293,303.1875,1.65,51.7,0.248387097,641.6666666,128.3333334,9.625
2008-03-19,80.339,10.8997,0.613249,633.9375,3.45,108.1,0.519354838,1341.666667,268.3333334,20.125
2008-03-20,37.9596,5.5608,0.319956,330.75,1.8,56.4,0.270967742,700,140,10.5
2008-03-21,74.095,13.195,0.666575,689.0625,3.75,117.5,0.564516129,1458.333333,291.6666667,21.875
2008-03-22,41.3437,9.1669,0.415181,429.1875,2.335714286,73.18571428,0.351612903,908.3333333,181.6666667,13.625
2008-03-23,62.608,9.52,0.53326,551.25,3,94,0.451612903,1166.666667,233.3333334,17.5
2008-03-24,46.1958,5.6508,0.388518,401.625,2.185714286,68.48571428,0.329032258,850,170,12.75
2008-03-25,35.205,4.8375,0.285675,295.3125,1.607142857,50.35714286,0.241935484,625,125,9.375
2008-03-26,32.832,4.75,0.289484,299.25,1.628571429,51.02857143,0.24516129,633.3333333,126.6666667,9.5
2008-03-27,30.064,5.368,0.30472,315,1.714285714,53.71428571,0.258064516,666.6666666,133.3333334,10
2008-03-28,29.408,6.152,0.30472,315,1.714285714,53.71428571,0.258064516,666.6666666,133.3333334,10
2008-03-29,22.6688,5.4528,0.243776,252,1.371428572,42.97142857,0.206451613,533.3333333,106.6666667,8
2008-03-30,17.7282,5.238,0.205686,212.625,1.157142857,36.25714286,0.174193548,450,90.00000002,6.75
2008-03-31,52.1658,17.52,0.556114,574.875,3.128571429,98.02857142,0.470967742,1216.666667,243.3333334,18.25
2008-04-01,58.3296,20.832,0.708474,732.375,3.985714286,124.8857143,0.6,1550,310.0000001,23.25
2008-04-02,34.2062,11.713,0.403754,417.375,2.271428572,71.17142857,0.341935484,883.3333333,176.6666667,13.25
2008-04-03,27.9908,8.1928,0.289484,299.25,1.628571429,51.02857143,0.24516129,633.3333333,126.6666667,9.5
2008-04-04,54.385,15.6301,0.567541,586.6875,3.192857143,100.0428571,0.480645161,1241.666667,248.3333334,18.625
2008-04-05,32.9964,8.8071,0.354237,366.1875,1.992857143,62.44285714,0.3,775,155,11.625
2008-04-06,28.7616,8.0892,0.319956,330.75,1.8,56.4,0.270967742,700,140,10.5
2008-04-07,46.1264,11.4427,0.483743,500.0625,2.721428572,85.27142857,0.409677419,1058.333333,211.6666667,15.875
2008-04-08,61.3152,13.248,0.548496,567,3.085714286,96.68571428,0.464516129,1200,240,18
2008-04-09,63.3297,13.9443,0.605631,626.0625,3.407142857,106.7571429,0.512903226,1325,265.0000001,19.875
2008-04-10,63.9653,14.7315,0.613249,633.9375,3.45,108.1,0.519354838,1341.666667,268.3333334,20.125
2008-04-11,76.7709,16.8238,0.750373,775.6875,4.221428572,132.2714286,0.635483871,1641.666667,328.3333334,24.625
2008-04-12,25.6824,5.394,0.220922,228.375,1.242857143,38.94285714,0.187096774,483.3333333,96.66666669,7.25
2008-04-13,24.0624,5.589,0.205686,212.625,1.157142857,36.25714286,0.174193548,450,90.00000002,6.75
2008-04-14,38.1672,9.7464,0.344565,351.65625,1.328571429,42.51428571,0.3,790.5,147.25,11.625
2008-04-15,33.4732,7.4102,0.248235,253.34375,0.957142857,30.62857143,0.216129032,569.5,106.0833333,8.375
2008-04-16,108.0885,20.397,0.722475,737.34375,2.785714287,89.14285713,0.629032258,1657.5,308.7499999,24.375
2008-04-17,52.668,10.1745,0.389025,397.03125,1.5,48,0.338709677,892.5,166.25,13.125
2008-04-18,44.7158,9.259,0.34827,355.4375,1.342857143,42.97142857,0.303225806,799,148.8333333,11.75
2008-04-19,30.5456,6.1812,0.25194,257.125,0.971428572,31.08571428,0.219354839,578,107.6666666,8.5
2008-04-20,74.7141,15.1368,0.589095,601.21875,2.271428572,72.68571428,0.512903226,1351.5,251.7499999,19.875
2008-04-21,44.9504,9.944,0.32604,332.75,1.257142858,40.22857142,0.283870968,748,139.3333333,11
2008-04-22,92.3748,22.932,0.72618,741.125,2.800000001,89.59999999,0.632258064,1666,310.3333333,24.5
2008-04-23,41.4744,10.8504,0.32604,332.75,1.257142858,40.22857142,0.283870968,748,139.3333333,11
2008-04-24,32.338,11.96,0.34086,347.875,1.314285715,42.05714285,0.296774193,782,145.6666666,11.5
2008-04-25,39.19,12.78,0.3705,378.125,1.428571429,45.71428571,0.322580645,850,158.3333333,12.5
2008-04-26,53.0841,17.5835,0.514995,525.59375,1.985714286,63.54285714,0.448387097,1181.5,220.0833333,17.375
2008-04-27,44.0452,17.052,0.42978,438.625,1.657142858,53.02857142,0.374193548,986,183.6666666,14.5
2008-04-28,33.4516,15.561,0.337155,344.09375,1.3,41.6,0.293548387,773.5,144.0833333,11.375
2008-04-29,36.3745,17.94,0.426075,434.84375,1.642857143,52.57142857,0.370967742,977.5,182.0833333,14.375
2008-04-30,19.9268,9.114,0.22971,234.4375,0.885714286,28.34285714,0.2,527,98.16666665,7.75
2008-05-01,23.886,13.131,0.33345,340.3125,1.285714286,41.14285714,0.290322581,765,142.5,11.25
2008-05-02,42.154,20.062,0.5187,529.375,2.000000001,63.99999999,0.451612903,1190,221.6666666,17.5
2008-05-03,51.2746,24.3867,0.626145,639.03125,2.414285715,77.25714285,0.54516129,1436.5,267.5833333,21.125
2008-05-04,26.367,14.8818,0.37791,385.6875,1.457142858,46.62857142,0.329032258,867,161.5,12.75
2008-05-05,27.9807,21.684,0.514995,525.59375,1.985714286,63.54285714,0.448387097,1181.5,220.0833333,17.375
2008-05-06,25.5346,28.756,0.67431,688.1875,2.600000001,83.19999999,0.587096774,1547,288.1666666,22.75
2008-05-07,30.3625,29.225,0.648375,661.71875,2.500000001,79.99999999,0.564516129,1487.5,277.0833333,21.875
2008-05-08,30.0016,22.984,0.50388,514.25,1.942857143,62.17142857,0.438709677,1156,215.3333333,17
2008-05-09,10.0062,9.396,0.20007,204.1875,0.771428572,24.68571428,0.174193548,459,85.49999998,6.75
2008-05-10,9.4311,11.655,0.233415,238.21875,0.9,28.8,0.203225806,535.5,99.74999998,7.875
2008-05-11,13.3864,21.924,0.42978,438.625,1.657142858,53.02857142,0.374193548,986,183.6666666,14.5
2008-05-12,21.4878,32.745,0.655785,669.28125,2.528571429,80.91428571,0.570967742,1504.5,280.2499999,22.125
2008-05-13,10.3257,14.168,0.271271,288.75,1.1,1.1,0.248387097,673.75,102.6666666,9.625
2008-05-14,13.0364,16.1184,0.324116,345,1.314285715,1.314285715,0.296774193,805,122.6666666,11.5
2008-05-15,19.684,33.687,0.66937,712.5,2.714285715,2.714285715,0.612903226,1662.5,253.3333333,23.75
2008-05-16,6.9552,12.9096,0.253656,270,1.028571429,1.028571429,0.232258064,630,95.99999998,9
2008-05-17,5.0544,9.747,0.190242,202.5,0.771428572,0.771428572,0.174193548,472.5,71.99999998,6.75
2008-05-18,13.6136,20.7893,0.419237,446.25,1.700000001,1.700000001,0.383870968,1041.25,158.6666666,14.875
2008-05-19,6.0996,11.5192,0.239564,255,0.971428572,0.971428572,0.219354839,595,90.66666664,8.5
2008-05-20,12.2763,25.4284,0.531973,566.25,2.157142858,2.157142858,0.487096774,1321.25,201.3333333,18.875
2008-05-21,8.1519,14.3028,0.306501,326.25,1.242857143,1.242857143,0.280645161,761.25,116,10.875
2008-05-22,6.5472,11.3058,0.232518,247.5,0.942857143,0.942857143,0.212903226,577.5,87.99999998,8.25
2008-05-23,9.758,21.0987,0.419237,446.25,1.700000001,1.700000001,0.383870968,1041.25,158.6666666,14.875
2008-05-24,9.6228,35.4222,0.697554,742.5,2.828571429,2.828571429,0.638709677,1732.5,263.9999999,24.75
2008-05-25,6.566,25.144,0.49322,525,2.000000001,2.000000001,0.451612903,1225,186.6666666,17.5
2008-05-26,7.611,31.3467,0.623571,663.75,2.528571429,2.528571429,0.570967742,1548.75,235.9999999,22.125
2008-05-27,7.9002,29.5488,0.602433,641.25,2.442857144,2.442857144,0.551612903,1496.25,227.9999999,21.375
2008-05-28,2.165,9.1,0.17615,187.5,0.714285715,0.714285715,0.161290323,437.5,66.66666665,6.25
2008-05-29,4.6935,29.502,0.524927,558.75,2.128571429,2.128571429,0.480645161,1303.75,198.6666666,18.625
2008-05-30,2.4682,18.614,0.288886,307.5,1.171428572,1.171428572,0.264516129,717.5,109.3333333,10.25
2008-05-31,7.3416,43.608,0.648232,690,2.628571429,2.628571429,0.593548387,1610,245.3333333,23
2008-06-01,7.252,44.03,0.651755,693.75,2.642857144,2.642857144,0.596774193,1618.75,246.6666666,23.125
2008-06-02,3.0968,24.794,0.345254,367.5,1.4,1.4,0.316129032,857.5,130.6666666,12.25
2008-06-03,9.936,44.46,0.63414,675,2.571428572,2.571428572,0.580645161,1575,239.9999999,22.5
2008-06-04,3.5469,13.545,0.221949,236.25,0.9,0.9,0.203225806,551.25,83.99999998,7.875
2008-06-05,3.6352,30.2034,0.500266,532.5,2.028571429,2.028571429,0.458064516,1242.5,189.3333333,17.75
2008-06-06,3.6019,38.0643,0.637663,678.75,2.585714286,2.585714286,0.583870967,1583.75,241.3333333,22.625
2008-06-07,1.9432,12.712,0.197288,210,0.8,0.8,0.180645161,490,74.66666665,7
2008-06-08,3.458,31.64,0.49322,525,2.000000001,2.000000001,0.451612903,1225,186.6666666,17.5
2008-06-09,4.4485,34.565,0.55211,527.96875,2.214285715,2.214285715,1.05,1304.583333,103.3333333,19.375
2008-06-10,9.7266,38.0886,0.619788,592.6875,2.485714286,2.485714286,1.178709678,1464.5,116,21.75
2008-06-11,6.2124,39.9156,0.662532,633.5625,2.657142858,2.657142858,1.26,1565.5,124,23.25
2008-06-12,4.709,34.391,0.60554,579.0625,2.428571429,2.428571429,1.151612904,1430.833333,113.3333333,21.25
2008-06-13,5.3664,29.9052,0.555672,531.375,2.228571429,2.228571429,1.056774194,1313,104,19.5
2008-06-14,3.4224,25.9026,0.491556,470.0625,1.971428572,1.971428572,0.93483871,1161.5,92,17.25
2008-06-15,6.258,28.0865,0.530738,507.53125,2.128571429,2.128571429,1.009354839,1254.083333,99.33333334,18.625
2008-06-16,4.7814,14.5938,0.277836,265.6875,1.114285715,1.114285715,0.528387097,656.5,52,9.75
2008-06-17,5.4,22.668,0.42744,408.75,1.714285715,1.714285715,0.812903226,1010,80,15
2008-06-18,3.1088,11.136,0.206596,197.5625,0.828571429,0.828571429,0.392903226,488.1666667,38.66666667,7.25
2008-06-19,3.6375,26,0.44525,425.78125,1.785714286,1.785714286,0.846774194,1052.083333,83.33333334,15.625
2008-06-20,2.1725,10.7965,0.19591,187.34375,0.785714286,0.785714286,0.372580645,462.9166667,36.66666667,6.875
2008-06-21,3.4299,20.3219,0.366886,350.84375,1.471428572,1.471428572,0.697741936,866.9166667,68.66666667,12.875
2008-06-22,1.6512,14.592,0.227968,218,0.914285715,0.914285715,0.433548387,538.6666667,42.66666667,8
2008-06-23,2.2908,14.1795,0.245778,235.03125,0.985714286,0.985714286,0.467419355,580.75,46,8.625
2008-06-24,3.8295,23.3795,0.40963,391.71875,1.642857143,1.642857143,0.779032258,967.9166667,76.66666667,14.375
2008-06-25,2.9992,18.4736,0.327704,313.375,1.314285715,1.314285715,0.623225807,774.3333334,61.33333334,11.5
2008-06-26,5.6385,36.3549,0.637598,609.71875,2.557142858,2.557142858,1.212580645,1506.583333,119.3333333,22.375
2008-06-27,3.7324,25.0852,0.441688,422.375,1.771428572,1.771428572,0.84,1043.666667,82.66666667,15.5
2008-06-28,7.0884,34.6365,0.637598,609.71875,2.557142858,2.557142858,1.212580645,1506.583333,119.3333333,22.375
2008-06-29,4.8018,31.959,0.566358,541.59375,2.271428572,2.271428572,1.077096774,1338.25,106,19.875
2008-06-30,4.4055,20.0574,0.352638,337.21875,1.414285715,1.414285715,0.670645161,833.25,66,12.375
2008-07-01,9.2496,38.728,0.669656,640.375,2.685714287,2.685714287,1.273548387,1582.333333,125.3333333,23.5
2008-07-02,2.1156,21.07,0.306332,292.9375,1.228571429,1.228571429,0.582580645,723.8333334,57.33333334,10.75
2008-07-03,5.5158,46.458,0.619788,592.6875,2.485714286,2.485714286,1.178709678,1464.5,116,21.75
2008-07-04,0.957,11.858,0.19591,187.34375,0.785714286,0.785714286,0.372580645,462.9166667,36.66666667,6.875
2008-07-05,3.552,37.7215,0.65897,630.15625,2.642857144,2.642857144,1.253225807,1557.083333,123.3333333,23.125
2008-07-06,4.2291,23.754,0.395382,378.09375,1.585714286,1.585714286,0.751935484,934.25,74,13.875
2008-07-07,2.9304,28.1028,0.451308,309.375,1.885714286,5.657142858,5.109677419,1089,165,16.5
2008-07-08,4.212,28.1745,0.461565,316.40625,1.928571429,5.785714286,5.225806452,1113.75,168.75,16.875
2008-07-09,3.648,16.312,0.27352,187.5,1.142857143,3.428571429,3.096774194,660,100,10
2008-07-10,2.7885,12.8895,0.222235,152.34375,0.928571429,2.785714286,2.516129032,536.25,81.25,8.125
2008-07-11,2.0764,11.774,0.198302,135.9375,0.828571429,2.485714286,2.24516129,478.5,72.5,7.25
2008-07-12,1.4784,13.0304,0.218816,150,0.914285715,2.742857143,2.477419355,528,80,8
2008-07-13,3.2096,23.895,0.403442,276.5625,1.685714286,5.057142857,4.567741936,973.5,147.5,14.75
2008-07-14,5.5421,30.8505,0.536783,367.96875,2.242857144,6.728571429,6.077419355,1295.25,196.25,19.625
2008-07-15,5.226,26.4114,0.458146,314.0625,1.914285715,5.742857143,5.187096774,1105.5,167.5,16.75
2008-07-16,4.6716,20.1144,0.348738,239.0625,1.457142858,4.371428572,3.948387097,841.5,127.5,12.75
2008-07-17,4.897,22.8802,0.403442,276.5625,1.685714286,5.057142857,4.567741936,973.5,147.5,14.75
2008-07-18,6.2181,27.2553,0.482079,330.46875,2.014285715,6.042857143,5.458064516,1163.25,176.25,17.625
2008-07-19,6.5783,30.3324,0.536783,367.96875,2.242857144,6.728571429,6.077419355,1295.25,196.25,19.625
2008-07-20,5.8028,31.6709,0.557297,382.03125,2.328571429,6.985714286,6.309677419,1344.75,203.75,20.375
2008-07-21,3.5136,18.1152,0.328224,225,1.371428572,4.114285715,3.716129032,792,120,12
2008-07-22,5.7435,19.2255,0.358995,246.09375,1.5,4.5,4.064516129,866.25,131.25,13.125
2008-07-23,4.0656,15.8424,0.287196,196.875,1.2,3.6,3.251612903,693,105,10.5
2008-07-24,8.7156,33.048,0.553878,379.6875,2.314285715,6.942857143,6.270967742,1336.5,202.5,20.25
2008-07-25,3.6531,24.057,0.338481,232.03125,1.414285715,4.242857143,3.832258065,816.75,123.75,12.375
2008-07-26,6.8224,32.64,0.437632,300,1.828571429,5.485714286,4.95483871,1056,160,16
2008-07-27,3.0613,31.702,0.413699,283.59375,1.728571429,5.185714286,4.683870968,998.25,151.25,15.125
2008-07-28,3.7128,31.535,0.406861,278.90625,1.700000001,5.1,4.606451613,981.75,148.75,14.875
2008-07-29,5.6355,51.87,0.666705,457.03125,2.785714287,8.357142858,7.548387097,1608.75,243.75,24.375
2008-07-30,3.2571,32.571,0.482079,330.46875,2.014285715,6.042857143,5.458064516,1163.25,176.25,17.625
2008-07-31,3.836,33.702,0.468403,321.09375,1.957142858,5.871428572,5.303225807,1130.25,171.25,17.125
2008-08-01,1.673,18.13,0.23933,164.0625,1,3,2.709677419,577.5,87.5,8.75
2008-08-02,2.9785,35.9996,0.550459,377.34375,2.300000001,6.9,6.232258065,1328.25,201.25,20.125
2008-08-03,3.0345,26.2276,0.406861,278.90625,1.700000001,5.1,4.606451613,981.75,148.75,14.875
2008-08-04,1.6188,12.3177,0.188214,131.8125,3.257142857,1.221428572,1.801935484,437,114,7.125
2008-08-05,0.8757,13.0851,0.208026,145.6875,3.6,1.35,1.991612903,483,126,7.875
2008-08-06,1.5675,11.088,0.18161,127.1875,3.142857143,1.178571429,1.738709678,421.6666667,110,6.875
2008-08-07,1.8624,24.929,0.320294,224.3125,5.542857143,2.078571429,3.066451613,743.6666667,194,12.125
2008-08-08,2.149,14.889,0.23114,161.875,4,1.5,2.212903226,536.6666667,140,8.75
2008-08-09,2.282,28.854,0.46228,323.75,8,3,4.425806452,1073.333333,280,17.5
2008-08-10,2.5344,17.3888,0.290576,203.5,5.028571428,1.885714286,2.781935484,674.6666667,176,11
2008-08-11,3.2571,29.046,0.465582,326.0625,8.057142857,3.021428572,4.457419355,1081,282,17.625
2008-08-12,3.999,26.703,0.425958,298.3125,7.371428571,2.764285714,4.078064517,989,258,16.125
2008-08-13,4.2575,28.165,0.432562,302.9375,7.485714285,2.807142857,4.141290323,1004.333333,262,16.375
2008-08-14,2.5848,14.3352,0.237744,166.5,4.114285714,1.542857143,2.276129033,552,144,9
2008-08-15,4.4693,36.4463,0.617474,432.4375,10.68571429,4.007142857,5.911612904,1433.666667,374,23.375
2008-08-16,4.2976,29.8304,0.521716,365.375,9.028571428,3.385714286,4.99483871,1211.333333,316,19.75
2008-08-17,2.4158,17.954,0.310388,217.375,5.371428571,2.014285714,2.971612904,720.6666667,188,11.75
2008-08-18,3.78,33.565,0.57785,404.6875,10,3.75,5.532258065,1341.666667,350,21.875
2008-08-19,2.4057,17.415,0.267462,187.3125,4.628571428,1.735714286,2.560645162,621,162,10.125
2008-08-20,7.9794,36.9024,0.614172,430.125,10.62857143,3.985714286,5.880000001,1426,372,23.25
2008-08-21,4.958,36.223,0.61087,427.8125,10.57142857,3.964285715,5.848387098,1418.333333,370,23.125
2008-08-22,7.0861,37.5888,0.630682,441.6875,10.91428571,4.092857143,6.038064517,1464.333333,382,23.875
2008-08-23,4.3384,22.6548,0.383032,268.25,6.628571428,2.485714286,3.667096775,889.3333334,232,14.5
2008-08-24,4.2328,26.4693,0.472186,330.6875,8.171428571,3.064285714,4.520645162,1096.333333,286,17.875
2008-08-25,9.7712,35.8737,0.650494,455.5625,11.25714286,4.221428572,6.227741936,1510.333333,394,24.625
2008-08-26,6.9692,24.366,0.432562,302.9375,7.485714285,2.807142857,4.141290323,1004.333333,262,16.375
2008-08-27,3.4445,16.102,0.274066,191.9375,4.742857143,1.778571429,2.623870968,636.3333334,166,10.375
2008-08-28,2.412,12.7099,0.221234,154.9375,3.828571428,1.435714286,2.118064516,513.6666667,134,8.375
2008-08-29,3.2851,17.1717,0.300482,210.4375,5.2,1.95,2.876774194,697.6666667,182,11.375
2008-08-30,3.8936,23.2128,0.409448,286.75,7.085714285,2.657142857,3.920000001,950.6666667,248,15.5
2008-08-31,2.7664,21.0672,0.369824,259,6.4,2.4,3.540645162,858.6666667,224,14
2008-09-01,5.0116,35.343,0.6041035,561,2.671428572,2.671428572,5.006774194,1433.666667,280.5,23.375
2008-09-02,2.4549,31.8636,0.5394935,501,2.385714286,2.385714286,4.471290323,1280.333333,250.5,20.875
2008-09-03,3.0305,18.411,0.3068975,285,1.357142858,1.357142858,2.543548387,728.3333334,142.5,11.875
2008-09-04,4.05,33.39,0.58149,540,2.571428572,2.571428572,4.819354839,1380,270,22.5
2008-09-05,5.7105,24.6645,0.4361175,405,1.928571429,1.928571429,3.614516129,1035,202.5,16.875
2008-09-06,5.301,31.31,0.5007275,465,2.214285715,2.214285715,4.15,1188.333333,232.5,19.375
2008-09-07,7.6563,26.2401,0.4555005,423,2.014285715,2.014285715,3.775161291,1081,211.5,17.625
2008-09-08,9.9703,33.3656,0.5782595,537,2.557142858,2.557142858,4.792580645,1372.333333,268.5,22.375
2008-09-09,3.6134,10.6198,0.187369,174,0.828571429,0.828571429,1.552903226,444.6666667,87,7.25
2008-09-10,6.4722,25.806,0.445809,414,1.971428572,1.971428572,3.69483871,1058,207,17.25
2008-09-11,8.5936,30.4384,0.529802,492,2.342857144,2.342857144,4.390967742,1257.333333,246,20.5
2008-09-12,4.5733,15.1973,0.2681315,249,1.185714286,1.185714286,2.222258065,636.3333334,124.5,10.375
2008-09-13,6.7554,27.54,0.523341,486,2.314285715,2.314285715,4.337419355,1242,243,20.25
2008-09-14,2.3217,11.5801,0.2293655,213,1.014285715,1.014285715,1.900967742,544.3333334,106.5,8.875
2008-09-15,8.239,24.5014,0.497497,462,2.200000001,2.200000001,4.123225807,1180.666667,231,19.25
2008-09-16,9.38,27.2125,0.5653375,525,2.500000001,2.500000001,4.685483871,1341.666667,262.5,21.875
2008-09-17,6.9165,22.1125,0.4684225,435,2.071428572,2.071428572,3.882258065,1111.666667,217.5,18.125
2008-09-18,3.36,31.02,0.6461,600,2.857142858,2.857142858,5.35483871,1533.333333,300,25
2008-09-19,2.4003,19.6215,0.4102735,381,1.814285715,1.814285715,3.400322581,973.6666667,190.5,15.875
2008-09-20,4.3424,28.2624,0.594412,552,2.628571429,2.628571429,4.926451613,1410.666667,276,23
2008-09-21,2.726,14.429,0.303667,282,1.342857143,1.342857143,2.516774194,720.6666667,141,11.75
2008-09-22,1.881,8.7837,0.1841385,171,0.814285715,0.814285715,1.526129032,437,85.5,7.125
2008-09-23,3.7655,13.2345,0.2745925,255,1.214285715,1.214285715,2.275806452,651.6666667,127.5,10.625
2008-09-24,4.6754,15.6849,0.3133585,291,1.385714286,1.385714286,2.597096774,743.6666667,145.5,12.125
2008-09-25,5.07,19.877,0.419965,390,1.857142858,1.857142858,3.480645162,996.6666667,195,16.25
2008-09-26,3.0894,16.8834,0.368277,342,1.628571429,1.628571429,3.052258065,874,171,14.25
2008-09-27,1.7068,10.1252,0.219674,204,0.971428572,0.971428572,1.820645161,521.3333334,102,8.5
2008-09-28,2.9916,16.4484,0.348894,324,1.542857143,1.542857143,2.891612903,828,162,13.5
2008-09-29,3.0629,16.4372,0.3521245,327,1.557142858,1.557142858,2.918387097,835.6666667,163.5,13.625
2008-09-30,2.8609,10.0031,0.2164435,201,0.957142857,0.957142857,1.793870968,513.6666667,100.5,8.375
2008-10-01,7.6845,16.0775,0.3521245,327,1.557142858,1.557142858,2.918387097,835.6666667,163.5,13.625
2008-10-02,20.4728,22.922,0.5071885,471,2.242857144,2.242857144,4.203548387,1203.666667,235.5,19.625
2008-10-03,12.992,21.504,0.51688,480,2.285714286,2.285714286,4.283870968,1226.666667,240,20
2008-10-04,7.1247,23.001,0.6041035,561,2.671428572,2.671428572,5.006774194,1433.666667,280.5,23.375
2008-10-05,5.1796,11.1964,0.297206,276,1.314285715,1.314285715,2.463225807,705.3333334,138,11.5
2008-10-06,10.0571,21.0107,0.5265715,489,2.328571429,2.328571429,4.364193549,1249.666667,244.5,20.375
2008-10-07,7.1151,13.875,0.3585855,333,1.585714286,1.585714286,2.971935484,851,166.5,13.875
2008-10-08,1.368,6.96,0.19383,180,0.857142857,0.857142857,1.606451613,460,90,7.5
2008-10-09,5.822,19.7664,0.458731,426,2.028571429,2.028571429,3.801935484,1088.666667,213,17.75
2008-10-10,5.487,21.514,0.5007275,465,2.214285715,2.214285715,4.15,1188.333333,232.5,19.375
2008-10-11,2.6447,7.5313,0.1712165,159,0.757142857,0.757142857,1.419032258,406.3333334,79.5,6.625
2008-10-12,4.872,15.1095,0.3392025,315,1.5,1.5,2.811290323,805,157.5,13.125
2008-10-13,6.649,17.2386,0.394914,274.5,22.65714286,25.27142857,6.296774194,833.6666666,81.33333334,15.25
2008-10-14,4.968,21.1248,0.466128,324,26.74285714,29.82857142,7.432258065,984,96,18
2008-10-15,6.4064,20.7493,0.462891,321.75,26.55714286,29.62142857,7.380645162,977.1666666,95.33333334,17.875
2008-10-16,3.8675,12.512,0.275145,191.25,15.78571428,17.60714285,4.387096775,580.8333333,56.66666667,10.625
2008-10-17,9.0428,20.8236,0.479076,333,27.48571428,30.65714285,7.638709678,1011.333333,98.66666667,18.5
2008-10-18,11.1141,20.0658,0.514683,357.75,29.52857143,32.93571428,8.206451614,1086.5,106,19.875
2008-10-19,9.92,19.5765,0.501735,348.75,28.78571428,32.10714285,8.000000001,1059.166667,103.3333333,19.375
2008-10-20,8.1224,13.832,0.336648,234,19.31428571,21.54285714,5.367741936,710.6666666,69.33333334,13
2008-10-21,11.1824,15.9616,0.375492,261,21.54285714,24.02857142,5.987096775,792.6666666,77.33333334,14.5
2008-10-22,16.4542,20.1334,0.472602,328.5,27.11428571,30.24285714,7.535483872,997.6666666,97.33333334,18.25
2008-10-23,17.8856,20.0818,0.511446,355.5,29.34285714,32.72857142,8.15483871,1079.666667,105.3333333,19.75
2008-10-24,13.215,18.54,0.48555,337.5,27.85714286,31.07142857,7.741935485,1025,100,18.75
2008-10-25,5.1094,7.5343,0.190983,132.75,10.95714286,12.22142857,3.045161291,403.1666666,39.33333334,7.375
2008-10-26,7.2576,9.4104,0.233064,162,13.37142857,14.91428571,3.716129033,492,48,9
2008-10-27,9.7388,13.1241,0.313989,218.25,18.01428571,20.09285714,5.006451613,662.8333333,64.66666667,12.125
2008-10-28,9.1656,10.1688,0.246012,171,14.11428571,15.74285714,3.922580645,519.3333333,50.66666667,9.5
2008-10-29,13.2017,12.1541,0.313989,218.25,18.01428571,20.09285714,5.006451613,662.8333333,64.66666667,12.125
2008-10-30,18.1044,12.1873,0.346359,240.75,19.87142857,22.16428571,5.522580646,731.1666666,71.33333334,13.375
2008-10-31,32.093,14.4854,0.433758,301.5,24.88571428,27.75714285,6.916129033,915.6666666,89.33333334,16.75
2008-11-01,22.2678,8.5796,0.288093,200.25,16.52857143,18.43571428,4.593548387,608.1666666,59.33333334,11.125
2008-11-02,19.9926,7.8822,0.281619,195.75,16.15714286,18.02142857,4.490322581,594.5,58,10.875
2008-11-03,32.1781,15.2057,0.488787,339.75,28.04285714,31.27857142,7.793548388,1031.833333,100.6666667,18.875
2008-11-04,22.815,16.485,0.48555,337.5,27.85714286,31.07142857,7.741935485,1025,100,18.75
2008-11-05,28.1455,21.4666,0.585897,407.25,33.61428571,37.49285714,9.341935485,1236.833333,120.6666667,22.625
2008-11-06,38.8376,21.4828,0.556764,387,31.94285714,35.62857142,8.877419356,1175.333333,114.6666667,21.5
2008-11-07,24.1374,19.2717,0.475839,330.75,27.3,30.44999999,7.587096775,1004.5,98,18.375
2008-11-08,14.7041,14.1918,0.352833,245.25,20.24285714,22.57857142,5.625806452,744.8333333,72.66666667,13.625
2008-11-09,16.75,12.68,0.3237,225,18.57142857,20.71428571,5.161290323,683.3333333,66.66666667,12.5
2008-11-10,25.2056,25.872,0.658658,545.125,19.6,40.59999999,3.287741936,1437.333333,163.3333333,24.5
2008-11-11,5.4054,6.9228,0.181467,150.1875,5.4,11.18571428,0.905806452,396,45,6.75
2008-11-12,6.1745,6.2593,0.1781065,147.40625,5.3,10.97857143,0.889032258,388.6666666,44.16666666,6.625
2008-11-13,18.0747,17.2744,0.5074355,419.96875,15.1,31.27857142,2.532903226,1107.333333,125.8333333,18.875
2008-11-14,18.0588,15.943,0.5007145,414.40625,14.9,30.86428571,2.499354839,1092.666667,124.1666667,18.625
2008-11-15,17.062,21.337,0.638495,528.4375,19,39.35714285,3.187096775,1393.333333,158.3333333,23.75
2008-11-16,6.9378,10.8252,0.3125265,258.65625,9.3,19.26428571,1.56,682,77.5,11.625
2008-11-17,14.016,15.2278,0.490633,406.0625,14.6,30.24285714,2.449032258,1070.666667,121.6666667,18.25
2008-11-18,15.3762,13.5975,0.4939935,408.84375,14.7,30.44999999,2.465806452,1078,122.5,18.375
2008-11-19,6.767,7.0015,0.2251535,186.34375,6.7,13.87857143,1.123870968,491.3333333,55.83333333,8.375
2008-11-20,12.0819,10.8047,0.3461315,286.46875,10.3,21.33571428,1.727741936,755.3333333,85.83333333,12.875
2008-11-21,16.4428,9.5849,0.3394105,280.90625,10.1,20.92142857,1.694193549,740.6666666,84.16666666,12.625
2008-11-22,8.788,3.9416,0.174746,144.625,5.2,10.77142857,0.872258065,381.3333333,43.33333333,6.5
2008-11-23,28.126,12.2304,0.658658,545.125,19.6,40.59999999,3.287741936,1437.333333,163.3333333,24.5
2008-11-24,32.3016,11.6788,0.578006,478.375,17.2,35.62857142,2.885161291,1261.333333,143.3333333,21.5
2008-11-25,25.9256,12.0152,0.618332,511.75,18.4,38.11428571,3.086451613,1349.333333,153.3333333,23
2008-11-26,4.395,3.47,0.168025,139.0625,5,10.35714286,0.838709678,366.6666667,41.66666667,6.25
2008-11-27,23.9058,14.3298,0.5746455,475.59375,17.1,35.42142856,2.868387097,1254,142.5,21.375
2008-11-28,27.097,13.0824,0.530959,439.4375,15.8,32.72857142,2.650322581,1158.666667,131.6666667,19.75
2008-11-29,22.359,10.73,0.4872725,403.28125,14.5,30.03571428,2.432258065,1063.333333,120.8333333,18.125
2008-11-30,11.3643,5.1819,0.2318745,191.90625,6.9,14.29285714,1.157419355,506,57.5,8.625
2008-12-01,12.6466,5.2096,0.248677,205.8125,7.4,15.32857143,1.241290323,542.6666666,61.66666666,9.25
2008-12-02,27.1152,13.188,0.564564,467.25,16.8,34.79999999,2.818064516,1232,140,21
2008-12-03,12.3045,5.226,0.2184325,180.78125,6.5,13.46428571,1.090322581,476.6666666,54.16666666,8.125
2008-12-04,16.458,7.0525,0.2184325,180.78125,6.5,13.46428571,1.090322581,476.6666666,54.16666666,8.125
2008-12-05,19.8588,5.3808,0.255398,211.375,7.6,15.74285714,1.27483871,557.3333333,63.33333333,9.5
2008-12-06,31.3747,9.8553,0.4469465,369.90625,13.3,27.54999999,2.230967742,975.3333333,110.8333333,16.625
2008-12-07,28.68,9.696,0.40326,333.75,12,24.85714285,2.012903226,880,100,15
2008-12-08,15.726,5.274,0.21606,163.125,4.714285714,19.71428572,1.083870968,435,30,7.5
2008-12-09,35.483,10.7545,0.493337,372.46875,10.76428571,45.01428572,2.47483871,993.25,68.5,17.125
2008-12-10,23.5229,7.9083,0.363701,274.59375,7.935714286,33.18571429,1.824516129,732.25,50.5,12.625
2008-12-11,24.7203,8.1081,0.356499,269.15625,7.778571428,32.52857143,1.788387097,717.75,49.5,12.375
2008-12-12,36.936,13.0416,0.547352,413.25,11.94285714,49.94285715,2.745806452,1102,76,19
2008-12-13,24.7612,8.549,0.370903,280.03125,8.092857143,33.84285715,1.860645161,746.75,51.5,12.875
2008-12-14,42.1848,12.7818,0.583362,440.4375,12.72857143,53.22857143,2.926451613,1174.5,81,20.25
2008-12-15,44.1893,12.7303,0.586963,443.15625,12.80714286,53.55714286,2.944516129,1181.75,81.5,20.375
2008-12-16,17.2198,6.2678,0.266474,201.1875,5.814285714,24.31428572,1.336774194,536.5,37,9.25
2008-12-17,33.4044,14.9202,0.583362,440.4375,12.72857143,53.22857143,2.926451613,1174.5,81,20.25
2008-12-18,29.1465,12.3012,0.550953,415.96875,12.02142857,50.27142858,2.763870968,1109.25,76.5,19.125
2008-12-19,42.2091,16.5015,0.694993,524.71875,15.16428571,63.41428572,3.486451613,1399.25,96.5,24.125
2008-12-20,39.98,17.5,0.7202,543.75,15.71428571,65.71428572,3.612903226,1450,100,25
2008-12-21,35.07,14.3119,0.601367,454.03125,13.12142857,54.87142858,3.016774194,1210.75,83.5,20.875
2008-12-22,43.0839,18.0846,0.709397,535.59375,15.47857143,64.72857143,3.558709678,1428.25,98.5,24.625
2008-12-23,21.3504,8.3904,0.345696,261,7.542857143,31.54285715,1.734193548,696,48,12
2008-12-24,35.7948,15.9027,0.658983,497.53125,14.37857143,60.12857143,3.305806452,1326.75,91.5,22.875
2008-12-25,16.94,6.8684,0.277277,209.34375,6.05,25.3,1.390967742,558.25,38.5,9.625
2008-12-26,39.5232,12.0888,0.662584,500.25,14.45714286,60.45714286,3.323870968,1334,92,23
2008-12-27,16.167,5.576,0.306085,231.09375,6.678571428,27.92857143,1.535483871,616.25,42.5,10.625
2008-12-28,28.4487,10.1591,0.579761,437.71875,12.65,52.9,2.908387097,1167.25,80.5,20.125
2008-12-29,16.4255,5.5385,0.342095,258.28125,7.464285714,31.21428572,1.716129032,688.75,47.5,11.875
2008-12-30,21.0029,7.5616,0.500539,377.90625,10.92142857,45.67142858,2.510967742,1007.75,69.5,17.375
2008-12-31,31.878,10.7712,0.712998,538.3125,15.55714286,65.05714286,3.576774194,1435.5,99,24.75
2009-01-01,8.8145,3.3611,0.219661,165.84375,4.792857143,20.04285714,1.101935484,442.25,30.5,7.625
2009-01-02,7.5225,4.02,0.270075,203.90625,5.892857143,24.64285715,1.35483871,543.75,37.5,9.375
2009-01-03,17.4665,9.3991,0.694993,524.71875,15.16428571,63.41428572,3.486451613,1399.25,96.5,24.125
2009-01-04,9.338,4.8208,0.331292,250.125,7.228571428,30.22857143,1.661935484,667,46,11.5
2009-01-05,7.9797,4.4756,0.241267,182.15625,5.264285714,22.01428572,1.210322581,485.75,33.5,8.375
2009-01-06,6.944,4.7264,0.403312,304.5,8.8,36.8,2.023225807,812,56,14
2009-01-07,12.33,7.092,0.64818,489.375,14.14285714,59.14285715,3.251612903,1305,90,22.5
2009-01-08,5.5385,2.1835,0.198055,149.53125,4.321428571,18.07142857,0.993548387,398.75,27.5,6.875
2009-01-09,17.069,6.8783,0.608569,459.46875,13.27857143,55.52857143,3.052903226,1225.25,84.5,21.125
2009-01-10,2.7335,3.8346,0.277277,209.34375,6.05,25.3,1.390967742,558.25,38.5,9.625
2009-01-11,3.6416,3.1616,0.230464,174,5.028571428,21.02857143,1.156129032,464,32,8
2009-01-12,8.3214,6.4722,0.552552,556.3125,19.71428572,58.15714285,2.136774194,966,80.5,17.25
2009-01-13,6.749,7.837,0.68068,685.3125,24.28571429,71.64285714,2.632258065,1190,99.16666666,21.25
2009-01-14,4.732,8.3655,0.676676,681.28125,24.14285715,71.22142857,2.616774194,1183,98.58333333,21.125
2009-01-15,1.428,9.775,0.68068,685.3125,24.28571429,71.64285714,2.632258065,1190,99.16666666,21.25
2009-01-16,3.401,12.673,0.76076,765.9375,27.14285715,80.07142857,2.941935484,1330,110.8333333,23.75
2009-01-17,2.5252,4.28,0.428428,431.34375,15.28571429,45.09285714,1.656774194,749,62.41666666,13.375
2009-01-18,5.5776,3.9648,0.448448,451.5,16,47.2,1.734193549,784,65.33333333,14
2009-01-19,2.1582,2.1186,0.264264,266.0625,9.428571431,27.81428571,1.021935484,462,38.5,8.25
2009-01-20,12.14,7.8,0.8008,806.25,28.57142858,84.28571428,3.096774194,1400,116.6666667,25
2009-01-21,9.1395,7.4655,0.54054,544.21875,19.28571429,56.89285714,2.090322581,945,78.75,16.875
2009-01-22,13.6836,10.4618,0.724724,729.65625,25.85714286,76.27857142,2.802580646,1267,105.5833333,22.625
2009-01-23,16.3737,8.6296,0.644644,649.03125,23.00000001,67.85,2.492903226,1127,93.91666666,20.125
2009-01-24,10.456,5.12,0.32032,322.5,11.42857143,33.71428571,1.238709678,560,46.66666666,10
2009-01-25,30.4086,11.1864,0.708708,713.53125,25.28571429,74.59285714,2.740645162,1239,103.25,22.125
2009-01-26,31.2246,12.573,0.792792,798.1875,28.28571429,83.44285714,3.065806452,1386,115.5,24.75
2009-01-27,33.4662,11.8502,0.772772,778.03125,27.57142858,81.33571428,2.988387097,1351,112.5833333,24.125
2009-01-28,19.3545,9.3555,0.66066,665.15625,23.57142858,69.53571428,2.55483871,1155,96.24999999,20.625
2009-01-29,10.5524,3.9812,0.296296,298.3125,10.57142857,31.18571428,1.145806452,518,43.16666666,9.25
2009-01-30,16.9291,7.0993,0.508508,511.96875,18.14285715,53.52142857,1.966451613,889,74.08333333,15.875
2009-01-31,7.5933,3.7701,0.236236,237.84375,8.428571431,24.86428571,0.913548387,413,34.41666666,7.375
2009-02-01,15.9315,6.9015,0.516516,520.03125,18.42857143,54.36428571,1.997419355,903,75.25,16.125
2009-02-02,18.0432,11.5992,0.716716,721.59375,25.57142858,75.43571428,2.771612904,1253,104.4166667,22.375
2009-02-03,20.5558,10.6808,0.632632,636.9375,22.57142858,66.58571428,2.446451613,1106,92.16666666,19.75
2009-02-04,8.6832,4.7376,0.288288,290.25,10.28571429,30.34285714,1.11483871,504,42,9
2009-02-05,14.3871,5.5328,0.364364,366.84375,13,38.35,1.409032258,637,53.08333333,11.375
2009-02-06,9.1874,4.4304,0.284284,286.21875,10.14285715,29.92142857,1.099354839,497,41.41666666,8.875
2009-02-07,25.1442,11.5473,0.732732,737.71875,26.14285715,77.12142857,2.833548388,1281,106.75,22.875
2009-02-08,20.538,10.8558,0.652652,657.09375,23.28571429,68.69285714,2.523870968,1141,95.08333333,20.375
2009-02-09,9.1321,4.2411,0.268268,270.09375,9.571428574,28.23571428,1.037419355,469,39.08333333,8.375
2009-02-10,17.407,8.489,0.52052,524.0625,18.57142858,54.78571428,2.012903226,910,75.83333333,16.25
2009-02-11,21.756,15.9348,0.666302,765.625,9.8,71.4,1.390967741,1241.333333,130.6666667,24.5
2009-02-12,26.9675,10.4825,0.5949125,683.59375,8.75,63.75,1.241935483,1108.333333,116.6666667,21.875
2009-02-13,12.3222,3.2142,0.224367,257.8125,3.3,24.04285714,0.468387097,418,44,8.25
2009-02-14,34.1184,9.2352,0.652704,750,9.6,69.94285715,1.362580644,1216,128,24
2009-02-15,8.4865,2.728,0.1869725,214.84375,2.75,20.03571429,0.39032258,348.3333333,36.66666667,6.875
2009-02-16,32.0214,10.0596,0.564317,648.4375,8.3,60.47142857,1.178064516,1051.333333,110.6666667,20.75
2009-02-17,32.1945,10.0555,0.5745155,660.15625,8.45,61.56428572,1.199354838,1070.333333,112.6666667,21.125
2009-02-18,11.1033,4.0734,0.2481635,285.15625,3.65,26.59285714,0.518064516,462.3333333,48.66666667,9.125
2009-02-19,22.9504,8.7824,0.598312,687.5,8.8,64.11428572,1.249032257,1114.666667,117.3333333,22
2009-02-20,29.1884,9.976,0.584714,671.875,8.6,62.65714286,1.220645161,1089.333333,114.6666667,21.5
2009-02-21,29.7017,10.0264,0.5133245,589.84375,7.55,55.00714286,1.071612903,956.3333333,100.6666667,18.875
2009-02-22,15.576,5.032,0.27196,312.5,4,29.14285714,0.567741935,506.6666666,53.33333334,10
2009-02-23,35.1648,13.7456,0.598312,687.5,8.8,64.11428572,1.249032257,1114.666667,117.3333333,22
2009-02-24,33.4768,6.552,0.380744,437.5,5.6,40.8,0.794838709,709.3333333,74.66666667,14
2009-02-25,56.6697,10.505,0.6493045,746.09375,9.55,69.57857143,1.35548387,1209.666667,127.3333333,23.875
2009-02-26,35.438,9.1205,0.4929275,566.40625,7.25,52.82142857,1.029032258,918.3333333,96.66666667,18.125
2009-02-27,38.5365,7.521,0.3909425,449.21875,5.75,41.89285714,0.816129032,728.3333333,76.66666667,14.375
2009-02-28,27.5138,5.8186,0.319553,367.1875,4.7,34.24285714,0.667096774,595.3333333,62.66666667,11.75
2009-03-01,50.8457,13.2384,0.6697015,769.53125,9.85,71.76428572,1.398064515,1247.666667,131.3333333,24.625
2009-03-02,18.6336,5.328,0.244764,281.25,3.6,26.22857143,0.510967742,456,48,9
2009-03-03,34.524,11.1381,0.4657315,535.15625,6.85,49.90714286,0.972258064,867.6666666,91.33333334,17.125
2009-03-04,22.219,6.086,0.2889575,332.03125,4.25,30.96428572,0.603225806,538.3333333,56.66666667,10.625
2009-03-05,53.82,16.2,0.6799,781.25,10,72.85714286,1.419354838,1266.666667,133.3333333,25
2009-03-06,37.4535,11.7595,0.4929275,566.40625,7.25,52.82142857,1.029032258,918.3333333,96.66666667,18.125
2009-03-07,21.9032,7.1368,0.299156,343.75,4.4,32.05714286,0.624516129,557.3333333,58.66666667,11
2009-03-08,37.6893,11.0121,0.4793295,550.78125,7.05,51.36428572,1.000645161,893,94,17.625
2009-03-09,33.948,10.3935,0.4485195,453.5625,6.15,57.10714286,1.031612903,902,112.75,15.375
2009-03-10,41.7414,12.483,0.532389,538.375,7.3,67.78571429,1.224516128,1070.666667,133.8333333,18.25
2009-03-11,52.18,16.86,0.7293,737.5,10,92.85714286,1.677419354,1466.666667,183.3333333,25
2009-03-12,44.7888,15.4752,0.678249,685.875,9.3,86.35714286,1.559999999,1364,170.5,23.25
2009-03-13,21.8348,7.144,0.277134,280.25,3.8,35.28571429,0.637419355,557.3333333,69.66666667,9.5
2009-03-14,48.393,16.0398,0.6235515,630.5625,8.55,79.39285715,1.434193548,1254,156.75,21.375
2009-03-15,41.0652,14.9022,0.5579145,564.1875,7.65,71.03571429,1.283225806,1122,140.25,19.125
2009-03-16,22.14,7.092,0.262548,265.5,3.6,33.42857143,0.603870967,528,66,9
2009-03-17,44.0165,14.9943,0.5506215,556.8125,7.55,70.10714286,1.266451612,1107.333333,138.4166667,18.875
2009-03-18,20.8242,6.2445,0.2516085,254.4375,3.45,32.03571429,0.578709677,506,63.25,8.625
2009-03-19,18.5262,7.2534,0.2807805,283.9375,3.85,35.75,0.645806451,564.6666666,70.58333334,9.625
2009-03-20,15.946,6.083,0.255255,258.125,3.5,32.5,0.587096774,513.3333333,64.16666667,8.75
2009-03-21,42.1187,15.7651,0.6600165,667.4375,9.05,84.03571429,1.518064515,1327.333333,165.9166667,22.625
2009-03-22,41.4184,16.56,0.670956,678.5,9.2,85.42857143,1.543225806,1349.333333,168.6666667,23
2009-03-23,11.2944,4.6696,0.189618,191.75,2.6,24.14285714,0.436129032,381.3333333,47.66666667,6.5
2009-03-24,42.439,14.3375,0.6746025,682.1875,9.25,85.89285715,1.551612902,1356.666667,169.5833333,23.125
2009-03-25,15.8571,4.1832,0.2297295,232.3125,3.15,29.25,0.528387097,462,57.75,7.875
2009-03-26,51.3,14.96,0.7293,737.5,10,92.85714286,1.677419354,1466.666667,183.3333333,25
2009-03-27,22.3523,9.0736,0.3901755,394.5625,5.35,49.67857143,0.897419354,784.6666666,98.08333334,13.375
2009-03-28,18.1305,7.3391,0.2880735,291.3125,3.95,36.67857143,0.662580645,579.3333333,72.41666667,9.875
2009-03-29,49.2297,16.1564,0.6162585,623.1875,8.45,78.46428572,1.417419354,1239.333333,154.9166667,21.125
2009-03-30,39.347,15.3692,0.561561,567.875,7.7,71.5,1.291612903,1129.333333,141.1666667,19.25
2009-03-31,20.8808,8.0496,0.313599,317.125,4.3,39.92857143,0.721290322,630.6666666,78.83333334,10.75
