time, AirTemp,RelHum,WindSpeed,Rain,Cloud,ShortWave,Snow
2008-01-01,0.474,100,3.634,0.005372,1.56025,18.4699074,0
2008-01-02,-0.71,100,5.396,0.000284,1.3135,17.75,0.0568
2008-01-03,-5.535,100,9.045,0,1.164375,9.6875,0.054
2008-01-04,-6.49,79.2,7.04,0,0.56375,35.90277778,0.033
2008-01-05,-1.032,66.22,4.386,0.000344,0.72025,12.54166666,0.0172
2008-01-06,1.737,100,5.597,0.005597,1.568125,14.96643519,0.0193
2008-01-07,4.212,100,5.832,0.008262,1.053,28.125,0
2008-01-08,7.36,100,8.64,0,0.98,59.62962963,0
2008-01-09,2.244,52.14,2.442,0.000396,0.33825,20.77777778,0
2008-01-10,3.567,71.34,3.654,0,0.36975,37.15625,0
2008-01-11,9.3,89.28,5.208,0,0.8215,32.86574074,0
2008-01-12,8.832,100,8.64,0,1.656,33.11111111,0
2008-01-13,4.93,100,4.64,0,0.10875,77.19907407,0
2008-01-14,6.992,100,7.544,0,0.69,81.13888888,0
2008-01-15,6.771,79.92,6.327,0,0.86025,51.00347222,0
2008-01-16,11.786,100,8.3,0.00083,1.39025,30.93287037,0
2008-01-17,8.584,100,4.736,0.003256,1.0915,57.04166667,0
2008-01-18,12.74,100,9.464,0.012012,1.66075,39.8125,0
2008-01-19,6.138,60.06,3.762,0.007392,0.60225,5.5,0
2008-01-20,11.534,100,6.278,0.05037,1.4235,10.30787037,0
2008-01-21,14.256,100,7.938,0.044388,1.62,9.9375,0
2008-01-22,3.552,89.91,5.661,0,0.874125,19.65625,0
2008-01-23,4.284,100,5.661,0.00153,1.243125,84.64583333,0
2008-01-24,7.1,85,5.4,0.0019,1,13.42592593,0
2008-01-25,5.841,68.31,8.316,0,0.655875,64.39583334,0
2008-01-26,11.771,100,14.453,0.006854,1.471375,24.31597222,0
2008-01-27,11.529,100,9.639,0.010584,1.488375,15.96875,0
2008-01-28,4.655,88.35,1.995,0.000665,0.78375,19.79166666,0
2008-01-29,7.36,100,3.22,0,1.0925,24.09143518,0
2008-01-30,5.029,86.67,3.852,0.001605,1.056625,28.3599537,0
2008-01-31,2.46,62.32,5.002,0.00041,0.66625,41.37962963,0
2008-02-01,5.4,62.1,7.11,0,0.8325,30.52083334,0
2008-02-02,3.944,100,7.48,0.001224,0.714,51.62962963,0
2008-02-03,2.656,100,6.474,0,0.47725,119.5046296,0
2008-02-04,5.928,100,5.772,0,0.468,121.875,0
2008-02-05,8.16,100,6.12,0.000544,1.122,77.12962963,0
2008-02-06,15.92,100,11.343,0.003184,1.84075,-230.09375,0
2008-02-07,5.049,74.25,5.445,0,0.779625,54.08333333,0
2008-02-08,5.332,64.5,1.978,0,0.774,30.85648148,0
2008-02-09,4.38,45.6,0.66,0.00006,0.3825,38.54166667,0
2008-02-10,3.808,53.04,0.68,0,0.3485,58.55555555,0
2008-02-11,3.154,72.21,1.328,0,0.549875,60.13657407,0
2008-02-12,4.081,62.37,1.617,0,0.721875,15.59606482,0
2008-02-13,2.15,35,1.1,0.00005,0.3625,29.57175926,0
2008-02-14,3.915,100,3.045,0.000145,1.26875,19.97106482,0
2008-02-15,-0.873,63.05,2.619,0,0.157625,88.46759259,0
2008-02-16,-3.432,100,2.808,0,0.351,138.8472222,0
2008-02-17,-0.707,64.64,4.444,0,0.606,75.28240741,0
2008-02-18,2.146,51.62,3.248,0.000174,0.58,6.175925927,0
2008-02-19,9.024,100,6.72,0.001536,1.896,35.33333334,0
2008-02-20,3.54,46.8,1.56,0,0.5175,61.80555558,0
2008-02-21,12.348,100,10.388,0.001176,1.764,132.2546296,0
2008-02-22,10.584,85.32,9.828,0.000324,1.08,20.875,0
2008-02-23,8.16,60.48,6.912,0,0.612,92.33333334,0
2008-02-24,16.074,100,6.84,0.000855,1.197,173.5729166,0
2008-02-25,7.735,91.63,4.522,0.001904,0.907375,99.44212962,0
2008-02-26,18.816,100,11.956,0.002548,1.7885,93.46296297,0
2008-02-27,9.017,91.44,10.16,0.000127,0.66675,68.05671296,0
2008-02-28,7.232,80.23,5.65,0,0.607375,113.5231482,0
2008-02-29,9.577,100,4.553,0.011147,1.314875,127.380787,0
2008-03-01,4.489,54.94,6.365,0.00402,0.65325,16.43981482,0
2008-03-02,4.81,61.42,5.476,0.008584,0.6845,37.85648148,0
2008-03-03,8.694,100,9.016,0.002254,1.40875,111.8055555,0
2008-03-04,1.426,52.7,3.1,0.000992,0.50375,41.83564815,0
2008-03-05,0.819,61.88,4.277,0.000455,0.284375,128.9166667,0
2008-03-06,5.499,81.9,8.541,0,1.14075,69.0625,0
2008-03-07,7.134,71.34,2.784,0.000174,0.87,49.64236112,0
2008-03-08,6,66.4,1.6,0,0.66,47.40740741,0
2008-03-09,11.622,100,6.705,0,0.875375,182.8009259,0
2008-03-10,17.052,100,9.222,0,0.6525,277.7152778,0
2008-03-11,8.827,59.15,5.369,0.001638,0.693875,87.52430556,0
2008-03-12,5.986,63.14,7.052,0.00738,0.697,67.47916667,0
2008-03-13,5.368,66.88,7.744,0.002816,0.715,-101.75,0
2008-03-14,6.156,84.24,5.724,0.00054,0.6615,75.25,0
2008-03-15,5.762,59.34,2.838,0,0.72025,118.4490741,0
2008-03-16,6.466,100,2.562,0.00915,1.08275,34.4537037,0
2008-03-17,3.663,87.69,5.55,0.000111,0.8325,122.4340277,0
2008-03-18,3.276,100,7.956,0,0.546,209.8055555,0
2008-03-19,0.485,80.51,3.201,0.000388,0.60625,98.34722223,0
2008-03-20,2.684,93.94,5.734,0.005612,0.77775,181.3055555,0
2008-03-21,5.476,100,6.956,0.01184,1.3875,106.2037037,0
2008-03-22,1.806,77.4,3.354,0.002236,0.86,37.92361111,0
2008-03-23,-1.001,100,3.146,0,0.983125,170.6400463,0
2008-03-24,0.532,49.4,2.356,0,0.285,150.8564815,0
2008-03-25,1.593,100,7.611,0.000708,1.54875,204.2465277,0
2008-03-26,3.042,100,9.633,0.000676,1.22525,220.443287,0.0169
2008-03-27,5.103,100,3.78,0,1.37025,297.5,0
2008-03-28,9.49,81.9,5.46,0.00325,0.4875,225.3935185,0
2008-03-29,12.191,100,7.515,0.002338,1.0855,159.0752315,0
2008-03-30,6.79,39.2,3.64,0,0.4725,92.1990741,0
2008-03-31,14.4,72,3.84,0,0.87,211.5277777,0
2008-04-01,11.536,69.01,2.884,0.001236,0.733875,189.6678241,0
2008-04-02,10.507,100,5.054,0.004256,1.246875,122.6863426,0
2008-04-03,4.212,45.36,1.242,0.001998,0.49275,54.56250002,0
2008-04-04,7.92,99.6,2.88,0,0.96,114.4444444,0
2008-04-05,5.427,68.04,2.187,0.00324,0.66825,44.25,0
2008-04-06,8.5,100,4.25,0.00017,1.3175,137.7314815,0
2008-04-07,6.56,100,3.444,0.001968,1.312,148.2453704,0
2008-04-08,9.828,100,6.426,0.000189,1.204875,348.90625,0
2008-04-09,7.08,100,4.956,0.015399,1.747875,68.42361112,0
2008-04-10,5.16,100,3.87,0.000129,1.29,41.80555556,0
2008-04-11,11.623,100,6.107,0.034081,1.97,80.48726852,0
2008-04-12,9.775,85.1,4.14,0,0.89125,210.167824,0
2008-04-13,14.553,100,3.234,0.007203,0.99225,250.7847223,0
2008-04-14,7.2,58.32,1.656,0.00468,0.621,110.75,0
2008-04-15,12,100,4.16,0.0064,1.58,-185,0
2008-04-16,9.867,100,4.433,0.00429,1.269125,233.3680555,0
2008-04-17,5.115,84.63,2.604,0.007719,0.895125,31.32291667,0
2008-04-18,9.639,100,4.743,0,1.434375,118.6458333,0
2008-04-19,6.336,72.27,3.861,0,0.581625,166.71875,0
2008-04-20,11.704,95.76,3.458,0,0.914375,246.2962963,0
2008-04-21,8.136,44.64,3.6,0,0.216,185.8333334,0
2008-04-22,17.901,85.68,7.956,0,0.57375,376.3020834,0
2008-04-23,10.881,50.22,2.232,0,0.267375,243.15625,0
2008-04-24,12.61,50.44,1.649,0.000679,0.109125,254.625,0
2008-04-25,5.876,38.48,1.456,0,0.4095,75.23148147,0
2008-04-26,11.011,59.15,1.729,0,0.238875,263.5208333,0
2008-04-27,27.93,100,4.37,0,0.97375,502.2685186,0
2008-04-28,12.312,30.96,3.816,0,0.378,200.3333333,0
2008-04-29,14.82,56.05,3.8,0.00038,0.866875,97.85879634,0
2008-04-30,8.232,40.32,1.456,0,0.455,96.83333335,0
2008-05-01,16.9,93.6,3.77,0.00234,0.79625,211.550926,0
2008-05-02,16.82,100,3.045,0.00029,0.61625,289.6643518,0
2008-05-03,24.892,100,4.312,0.000196,0.8085,485.462963,0
2008-05-04,18.228,95.55,3.528,0.000588,0.62475,396.4236111,0
2008-05-05,25.896,100,4.648,0,0.80925,359.474537,0
2008-05-06,12.324,42.9,1.56,0,0.195,232.9166667,0
2008-05-07,14.863,48.95,1.602,0,0.2225,269.5752315,0
2008-05-08,31.265,99.9,3.515,0,0.185,-213.90625,0
2008-05-09,10.266,29.5,1.593,0,0.022125,186.0138889,0
2008-05-10,26.455,68.64,3.146,0,0.17875,409.6354166,0
2008-05-11,12.285,30.55,1.17,0,0.08125,181.9849537,0
2008-05-12,24.235,66.81,2.489,0,0.180125,417.5625,0
2008-05-13,8.928,40.92,2.232,0,0.27125,165.9791666,0
2008-05-14,24.48,84.8,3.68,0,0.42,448.5185186,0
2008-05-15,29.232,87.36,3.528,0,0.672,413.1944445,0
2008-05-16,14.833,65.52,1.638,0.000273,0.716625,142.6087963,0
2008-05-17,27.209,100,3.38,0.008619,1.39425,280.1018518,0
2008-05-18,12.463,76.22,2.781,0,0.939875,183.46875,0
2008-05-19,10.856,56.12,1.932,0,0.667,190.9212963,0
2008-05-20,15.093,63.18,3.042,0,0.585,316.0625,0
2008-05-21,19.932,81.54,4.53,0,0.906,331.5358797,0
2008-05-22,11.52,46.4,2,0.00008,0.4,218.6111111,0
2008-05-23,26.235,92.4,4.785,0,1.32,324.6527778,0
2008-05-24,25.584,91.84,5.248,0,0.7175,460.8703703,0
2008-05-25,15.456,54.72,3.648,0,0.528,287.8888889,0
2008-05-26,13.351,51.35,3.239,0,0.582625,112.4652778,0
2008-05-27,26.7,100,6.586,0,1.5575,-205.8125,0
2008-05-28,36.4,90,12.6,0,1.55,583.7962962,0
2008-05-29,20.196,38.76,5.304,0,0.80325,295.9652777,0
2008-05-30,38.59,78.2,7.65,0,0.34,516.2962963,0
2008-05-31,44.793,85.05,6.804,0,0.189,590.1875,0
2008-06-01,19.992,35.28,2.856,0,0.105,248.7916667,0
2008-06-02,36.179,51.48,5.434,0,0.143,482.9560185,0
2008-06-03,38.532,68.64,5.304,0,0.975,401.3750001,0
2008-06-04,38.485,82.34,7.339,0,0.895,587.1365741,0
2008-06-05,38.986,88.78,7.913,0,0.2895,624.5694444,0
2008-06-06,22.644,53.28,3.885,0,0.485625,284.5659722,0
2008-06-07,37.001,65.2,5.542,0,0.753875,404.6701389,0
2008-06-08,40.002,72.57,4.779,0,0.287625,553.9444445,0
2008-06-09,19.178,36.98,1.892,0,0.13975,304.7824074,0
2008-06-10,39.13,94.64,7.098,0,0.5005,621.4120371,0
2008-06-11,18.306,64.41,5.198,0,0.59325,232.6701389,0
2008-06-12,29.304,100,8.118,0.010296,1.3365,454.4375,0
2008-06-13,14.224,88.48,3.472,0.006832,0.812,162.4259259,0
2008-06-14,14.448,77.28,4.144,0,0.714,244.3518519,0
2008-06-15,21.432,100,4.104,0.000608,1.121,327.5740741,0
2008-06-16,20.02,91,2.66,0,0.77,296.6898148,0
2008-06-17,18.252,66.69,2.34,0,0.219375,402.3229166,0
2008-06-18,21.696,55.37,2.825,0,0.6215,273.8680555,0
2008-06-19,36.192,93.96,6.612,0.009918,1.479,394.5208333,0
2008-06-20,16.928,56.12,3.772,0,0.713,253.7453704,0
2008-06-21,17.622,59.4,2.871,0,0.71775,249.3333334,0
2008-06-22,38.532,100,6.76,0.01521,1.119625,506.2175925,0
2008-06-23,28.608,93.87,8.344,0,0.5215,514.9467593,0
2008-06-24,27.853,95.15,5.19,0,0.281125,611.5069444,0
2008-06-25,16.32,52.7,2.72,0.00068,0.626875,158.4895833,0
2008-06-26,34.104,94.08,6.72,0,0.42,562.7222222,0
2008-06-27,18.297,70.62,4.922,0.000535,0.655375,143.2858796,0
2008-06-28,11.088,52.14,2.508,0.001188,0.51975,77.07638888,0
2008-06-29,25.326,84.42,3.402,0,0.48825,375.6666666,0
2008-06-30,14.43,41.44,2.516,0,0.2775,227.5671296,0
2008-07-01,18.334,45.39,1.691,0,0.278125,264.1157408,0
2008-07-02,43.61,69.42,7.12,0,0.178,603.6342593,0
2008-07-03,41.652,62.4,5.46,0,0.4485,501.0416667,0
2008-07-04,17.745,94.5,5.46,0.01533,1.05,22.72569445,0
2008-07-05,31.02,100,4.95,0,1.03125,433.5069445,0
2008-07-06,18.618,52.2,2.088,0.000957,0.663375,202.7986112,0
2008-07-07,12.87,42.9,2.442,0,0.55275,141.7013889,0
2008-07-08,25.926,100,7.599,0.002533,1.061625,335.4224536,0
2008-07-09,24.016,100,7.448,0.002584,1.159,347.2777777,0
2008-07-10,30.481,100,4.488,0.003366,1.566125,156.6990741,0
2008-07-11,38.976,100,5.76,0.012864,1.536,349.3333332,0
2008-07-12,26.331,86.46,5.895,0,1.031625,315.9768518,0
2008-07-13,10.854,54.27,0.938,0.000134,0.51925,55.05787037,0
2008-07-14,24.928,100,4.256,0,0.95,291.3333334,0
2008-07-15,15.826,55.76,3.116,0,0.738,128.125,0
2008-07-16,30.798,100,7.656,0.006264,1.5225,198.7708333,0
2008-07-17,8.216,37.96,1.716,0.000312,0.3965,110.1990741,0
2008-07-18,22.308,96.36,3.96,0.002904,1.221,144.0694444,0
2008-07-19,32.037,100,7.059,0.001991,1.199125,329.9479167,0
2008-07-20,19.2,92.4,5.52,0.00204,0.78,248.8888889,0
2008-07-21,21.28,100,8.36,0,1.235,175.75,0
2008-07-22,10.744,50.32,1.292,0,0.4845,117.2685185,0
2008-07-23,24.797,95.9,3.288,0,0.4795,-158.40625,0
2008-07-24,36.312,100,6.052,0,1.0235,459.6273148,0
2008-07-25,34.506,88.04,4.97,0,0.44375,367.6550925,0
2008-07-26,44.88,100,4.752,0.000528,0.462,421.2592593,0
2008-07-27,34.846,63.84,4.123,0,0.09975,416.7025463,0
2008-07-28,18.55,32.2,2.03,0,0.0875,216.2384259,0
2008-07-29,27.664,39.52,3.744,0,0.273,321.0277778,0
2008-07-30,28.644,63.24,2.976,0,0.8835,122.5648148,0
2008-07-31,13.53,22.55,1.65,0,0.06875,163.599537,0
2008-08-01,40.145,74.4,5.58,0.014725,0.639375,362.5636574,0
2008-08-02,33.034,100,3.984,0,1.30725,215.9537037,0
2008-08-03,28.122,81.27,5.805,0,0.9675,-149.15625,0
2008-08-04,36.4,100,14.014,0.003276,1.1375,344.6203705,0
2008-08-05,33.473,100,11.993,0,0.962125,363.8009259,0
2008-08-06,36.465,100,4.114,0,0.88825,365.3425926,0
2008-08-07,50.115,89.7,8.58,0,0.6825,550.0173611,0
2008-08-08,35.404,100,8.684,0.001336,1.04375,306.3599537,0
2008-08-09,9.234,34.56,2.592,0,0.2565,124.375,0
2008-08-10,13.77,63.99,2.592,0.002997,0.658125,77.625,0
2008-08-11,16.48,54.4,2.08,0.00232,0.58,184.1666666,0
2008-08-12,26.082,98.28,5.166,0.000126,1.14975,139.125,0
2008-08-13,20.425,52.25,6.175,0.000285,0.40375,212.4305555,0
2008-08-14,37.014,93,9.3,0,0.81375,471.0277777,0
2008-08-15,20.824,100,2.192,0.009453,1.3015,58.51041666,0
2008-08-16,13.26,69.7,1.7,0.00034,0.584375,143.2407407,0
2008-08-17,15.136,63.64,1.72,0.000086,0.5375,207.7337963,0
2008-08-18,15.12,59.64,1.932,0.001764,0.5985,113.75,0
2008-08-19,37.625,100,7.525,0,1.290625,300.1736112,0
2008-08-20,9.984,36.92,2.34,0.000104,0.3315,85.76388891,0
2008-08-21,35.502,100,8.235,0,0.983625,406.03125,0
2008-08-22,17.563,63.7,2.093,0.003549,0.784875,112.2754629,0
2008-08-23,10.304,48,3.84,0.002624,0.384,96,0
2008-08-24,26.931,100,7.831,0.014707,1.6235,64.99305556,0
2008-08-25,32.4,100,5,0,1.35,221.2962962,0
2008-08-26,11.718,47.25,2.205,0,0.48825,104.125,0
2008-08-27,37.054,100,6.876,0,1.337,329.6076388,0
2008-08-28,29.216,100,7.304,0.001328,1.51475,147.7476852,0
2008-08-29,14.337,64.8,3.645,0.000081,0.6075,76.3125,0
2008-08-30,13.776,55.76,1.066,0,0.11275,160.2037037,0
2008-08-31,17.205,52.08,3.069,0,0.2325,222.8125,0
2008-09-01,19.845,72.45,3.99,0.00294,0.774375,161.1458333,0
2008-09-02,21.432,79.8,3.42,0,0.78375,234.5972222,0
2008-09-03,15.486,65.25,3.567,0.009396,0.71775,108.4479167,0
2008-09-04,28.712,100,6.596,0.000194,1.13975,316.8217593,0
2008-09-05,23.944,100,4.088,0,1.11325,193.8217592,0
2008-09-06,11.11,42.9,1.65,0.008745,0.5225,39.02199074,0
2008-09-07,18.55,89.04,3.074,0.000106,0.94075,107.962963,0
2008-09-08,15.698,71.44,2.914,0,0.4465,132.5138889,0
2008-09-09,24.99,100,2.793,0,0.238875,275.9652778,0
2008-09-10,18.513,71.28,2.277,0,0.51975,137.84375,0
2008-09-11,19.332,82.08,2.16,0,0.54,157.125,0
2008-09-12,21.666,100,6.28,0,0.90275,182.6215277,0
2008-09-13,11.97,67.2,3.78,0,0.4725,183.3854167,0
2008-09-14,7.345,46.8,1.82,0,0.560625,37.61574074,0
2008-09-15,6.765,36.3,1.705,0,0.446875,49.97106481,0
2008-09-16,5.684,37.12,1.508,0,0.464,59.14120371,0
2008-09-17,11.172,61.74,1.666,0,0.8085,131.0069445,0
2008-09-18,10.764,69.92,1.472,0,0.805,98.17592596,0
2008-09-19,17.052,100,2.793,0,1.267875,118.7569444,0
2008-09-20,18.375,100,3.087,0.000735,1.323,131.5173611,0
2008-09-21,13.23,82.95,2.415,0.00063,0.81375,113.5069445,0
2008-09-22,17.667,100,3.171,0.004983,1.32125,127.056713,0
2008-09-23,8.211,63.48,1.587,0.003864,0.6555,-79.78125,0
2008-09-24,16.74,93,3.844,0,0.6975,165.3333333,0
2008-09-25,23.31,100,5.18,0,0.393125,243.2407408,0
2008-09-26,14.616,100,2.142,0,0.4725,189,0
2008-09-27,17.024,100,2.888,0,0.646,249.287037,0
2008-09-28,23.79,100,5.07,0,0.755625,309.6527778,0
2008-09-29,8.142,53.13,2.415,0.000483,0.56925,-79.78125,0
2008-09-30,10.494,86.13,5.841,0.005544,0.928125,61.41666667,0
2008-10-01,10.235,76.54,6.23,0.016732,0.700875,41.40972222,0
2008-10-02,12.876,76.56,8.12,0,0.4205,131.7083334,0
2008-10-03,11.352,100,5.28,0,0.495,127.1111111,0
2008-10-04,9.035,100,4.309,0,0.434375,127.8993056,0
2008-10-05,8.178,78.02,5.076,0.006768,0.7285,47.54398148,0
2008-10-06,9.66,75.6,1.176,0.000084,0.8085,28.97222222,0
2008-10-07,24.625,100,4.925,0,1.03425,201.332176,0
2008-10-08,9.976,74.82,2.494,0,0.473,-99.4375,0
2008-10-09,10.672,84.64,1.288,0.001012,0.6325,28.85648148,0
2008-10-10,8.502,63.18,1.56,0,0.39,87.93055557,0
2008-10-11,16.51,100,2.667,0,0.206375,167.5694444,0
2008-10-12,11.752,93.6,1.872,0,0.559,67.76851852,0
2008-10-13,13.91,88.81,2.033,0.000642,0.29425,132.2638889,0
2008-10-14,20.155,100,3.614,0,1.059875,78.99189814,0
2008-10-15,7.15,44.55,1.485,0.001815,0.474375,31.00115741,0
2008-10-16,17.784,100,8.892,0.003432,1.2675,106.5277778,0
2008-10-17,13.674,100,10.335,0,0.854625,81.52430556,0
2008-10-18,6.351,58.4,2.409,0,0.410625,69.78935185,0
2008-10-19,13.64,93,6.324,0,1.0695,84.53240741,0
2008-10-20,6.552,38.64,2.016,0,0.245,65.85185186,0
2008-10-21,14.688,86.4,5.076,0.001728,0.594,92.875,0
2008-10-22,16.878,100,4.35,0,1.74,57.59722222,0
2008-10-23,14.616,100,5.568,0,0.435,170.1736111,0
2008-10-24,6.396,55.76,2.378,0,0.19475,88.5486111,0
2008-10-25,6.882,62.9,1.554,0,0.6105,20.55555556,0
2008-10-26,11.88,76.68,4.968,0.004536,0.783,66,0
2008-10-27,6.565,57.85,2.275,0.00325,0.60125,9.554398146,0
2008-10-28,11.27,100,4.186,0.001771,1.32825,87.58101852,0
2008-10-29,11.264,100,2.464,0.02376,1.65,36.25925926,0
2008-10-30,5.838,100,4.726,0.021962,1.35525,18.01851851,0
2008-10-31,3.9,62.25,1.65,0,0.628125,51.99652778,0
2008-11-01,4.425,62.25,2.025,0,0.496875,43.31597222,0
2008-11-02,4.484,69.92,1.596,0,0.6175,28.5,0
2008-11-03,14.475,100,6.562,0,1.93,29.26273149,0
2008-11-04,8.93,90.24,1.41,0,0.94,11.96759259,0
2008-11-05,5.757,53.58,1.881,0.000285,0.57,5.013888889,0
2008-11-06,9.879,84.55,2.136,0.000267,0.89,8.755787037,0
2008-11-07,7.82,59.84,2.04,0,0.646,13.22222222,0
2008-11-08,19.467,100,3.024,0,1.6065,74.15625,0
2008-11-09,14.544,100,6.624,0.002016,0.972,59.66666667,0
2008-11-10,7.524,41.61,3.534,0,0.4845,15.70138889,0
2008-11-11,7.44,40.2,3.48,0.00006,0.4875,12.15277778,0
2008-11-12,6.6,68.64,3.256,0,0.429,38.19444445,0
2008-11-13,6.549,94.35,2.442,0,0.3885,69.24652778,0
2008-11-14,8.584,100,5.328,0.000296,1.2395,37,0
2008-11-15,9.009,80.99,5.551,0.000546,0.91,7.899305556,0
2008-11-16,6.106,56.09,4.402,0,0.470375,30.7337963,0
2008-11-17,4.37,70.3,2.755,0,0.463125,62.2337963,0
2008-11-18,2.232,50.84,2.852,0.003472,0.58125,17.58101852,0
2008-11-19,13.37,100,14.134,0.003629,1.790625,26.52777778,0
2008-11-20,3.9,41.5,4.35,0.00435,0.425,6.30787037,0
2008-11-21,1.843,87.3,4.365,0.003201,0.642625,9.430555555,0
2008-11-22,-0.28,60.2,3.5,0.00042,0.35,19.60648148,0.007
2008-11-23,0.49,86.24,4.606,0.000196,0.77175,41.51388889,0.0294
2008-11-24,-0.345,59.34,1.449,0,0.4485,18.6875,0
2008-11-25,0.29,51.04,2.088,0,0.5365,10.40509259,0
2008-11-26,3.198,100,6.273,0.000369,0.907125,36.30208333,0
2008-11-27,6.206,93.09,4.708,0.000214,0.949625,-123.71875,0
2008-11-28,4.935,100,4.935,0,1.16325,44.22569444,0
2008-11-29,1.656,77.28,2.944,0.000552,0.851,15.43981482,0
2008-11-30,1.248,92.56,2.288,0,0.598,16.12962963,0
2008-12-01,4.81,100,4.07,0.019055,1.549375,21.41203703,0
2008-12-02,6.426,100,10.863,0,1.41525,19.30208333,0
2008-12-03,1.988,100,6.674,0.005396,1.065,13.14814815,0
2008-12-04,3.087,100,5.733,0.000294,1.267875,25.01041667,0
2008-12-05,7.104,100,4.292,0,1.11,34.43055556,0
2008-12-06,3.22,84.64,1.38,0,0.713,22.89351852,0
2008-12-07,3.612,77.4,2.322,0.001376,0.82775,9.256944445,0
2008-12-08,7.56,100,7.2,0,1.5975,-208.125,0
2008-12-09,1.521,100,4.732,0,1.246375,57.7025463,0
2008-12-10,1.921,100,2.825,0.000339,1.13,7.847222222,0
2008-12-11,0.864,50.22,1.026,0.002862,0.54,3.3125,0
2008-12-12,0.756,100,2.376,0,1.08,10.125,0.0216
2008-12-13,1.716,70.2,3.51,0,0.77025,6.5,0
2008-12-14,1.75,40.5,2.5,0,0.475,4.918981482,0
2008-12-15,5.568,100,6.528,0,1.92,14.66666667,0
2008-12-16,3.87,100,2.064,0,1.29,6.868055555,0
2008-12-17,3.096,78.26,1.204,0.000086,0.86,4.578703704,0
2008-12-18,4.136,100,4.324,0,1.88,21.75925925,0
2008-12-19,2.508,69.16,2.66,0.0019,0.5795,6.685185185,0
2008-12-20,6.171,100,7.139,0.001694,1.05875,13.72453703,0
2008-12-21,6.496,92.96,6.16,0.000896,0.882,23.72222223,0
2008-12-22,15.552,100,13.824,0.001728,1.608,41.33333334,0
2008-12-23,5.88,100,4.704,0.001617,0.84525,33.34722223,0
2008-12-24,2.756,49.82,1.59,0.002226,0.51675,3.128472222,0
2008-12-25,1.104,100,3.726,0,0.70725,43.92361111,0
2008-12-26,-1.782,82.17,1.782,0,0.5445,32.65625,0
2008-12-27,0.129,100,1.548,0,1.080375,31.05555555,0
2008-12-28,-4.347,100,3.78,0,0.496125,77.4375,0
2008-12-29,-5.775,100,7.175,0,0.984375,32.60995371,0
2008-12-30,-2.139,57.27,1.725,0,0.025875,29.30902778,0
2008-12-31,-5.625,100,1.875,0,0.015625,53.96412038,0
2009-01-01,-2.325,72,1.5,0.000225,0.69375,3.385416667,0
2009-01-02,-4.379,100,2.265,0.000755,0.849375,30.23495371,0
2009-01-03,-4.312,76.56,4.224,0.000352,0.506,22.50925926,0.0176
2009-01-04,0.53,100,2.332,0.005936,1.06,11.04166667,0.0106
2009-01-05,-4.108,62.41,2.054,0,0.29625,38.58564815,0.0632
2009-01-06,-12.1,86,1.2,0,0.1625,51.27314815,0.07
2009-01-07,-6.808,64.38,2.516,0,0.333,11.13425926,0.0518
2009-01-08,-16.878,100,3.298,0,0.9215,66.6875,0.1164
2009-01-09,-8.883,100,5.292,0,1.299375,42.21874999,0.0945
2009-01-10,-1.143,100,2.413,0,0.968375,13.52314815,0.0635
2009-01-11,-2.475,41.8,1.265,0,0.034375,30.17361111,0.0275
2009-01-12,-5.724,100,6.042,0,0,89.4375,0.0795
2009-01-13,-0.636,100,5.883,0,1.272,47.11111111,0.0795
2009-01-14,-4.437,100,1.989,0.000765,0.95625,60.91666666,0.0612
2009-01-15,1.664,100,1.792,0.000384,1.28,16,0.0512
2009-01-16,0.532,100,3.857,0,1.080625,19.24189814,0.0532
2009-01-17,0,73.08,2.697,0.000261,0.6525,31.61805555,0.0261
2009-01-18,5.46,100,7.098,0.006188,1.365,81.52083334,0.0182
2009-01-19,2.759,72.98,4.094,0.002047,0.64525,41.51273148,0
2009-01-20,5.187,100,3.059,0,1.014125,25.09143518,0
2009-01-21,0,100,1.4,0,1.2075,26.41203704,0
2009-01-22,0.36,64.08,1.8,0,0.198,44.75,0
2009-01-23,0.82,71.34,4.838,0.00041,0.56375,30.08564814,0
2009-01-24,2.912,80.08,3.913,0.00091,0.8645,19.27430556,0
2009-01-25,3.1,100,2.325,0,1.0075,94.54282407,0
2009-01-26,0,100,5.655,0,1.876875,45.81597222,0
2009-01-27,0.592,100,3.108,0,1.3135,46.76388889,0
2009-01-28,-2.99,100,1.61,0,1.049375,21.8287037,0
2009-01-29,-4.935,100,2.256,0,1.37475,42.26736111,0
2009-01-30,-0.416,47.32,0.884,0,0.52,7.282407408,0
2009-01-31,1.038,100,4.671,0,1.578625,42.2488426,0
2009-02-01,-1.581,76.26,4.464,0.000372,0.871875,10.33333333,0
2009-02-02,1.395,100,10.23,0,1.51125,28.34490741,0.0155
2009-02-03,2.522,100,9.7,0,1.6975,34.5787037,0
2009-02-04,4.011,100,3.056,0.000764,1.790625,70.51967593,0
2009-02-05,6.882,100,5.208,0,1.27875,111.9444445,0
2009-02-06,5.51,100,3.61,0.00076,0.97375,80.0462963,0
2009-02-07,0.84,67.2,1.47,0,0.6825,13.20601852,0
2009-02-08,1.064,47.04,2.24,0,0.399,-64.75,0
2009-02-09,1.078,58.52,2.079,0,0.48125,51.42245371,0
2009-02-10,3.51,100,5.72,0.0104,1.235,30.69444444,0
2009-02-11,0.375,67.5,3.975,0.000375,0.703125,12.5,0
2009-02-12,-1.551,100,5.499,0,1.286625,34.59722223,0.0282
2009-02-13,-1.254,52.14,1.584,0,0.264,66.99305554,0.0132
2009-02-14,-3.552,100,3.848,0,0.8695,88.38888889,0
2009-02-15,-2.22,100,8.14,0.00592,1.80375,80.72337963,0
2009-02-16,0.32,100,1.92,0.00816,1.6,35.55555555,0.096
2009-02-17,-2.525,86.86,2.626,0,0.492375,105.5590278,0.1111
2009-02-18,-5.792,100,4.344,0.000181,1.5385,122.3425926,0.1629
2009-02-19,-3.297,100,6.28,0.005338,1.57,59.23842592,0.1413
2009-02-20,0.95,100,3.04,0.00342,1.9,43.76157408,0.323
2009-02-21,-0.913,73.04,1.66,0.002822,0.83,28.33912037,0.1079
2009-02-22,3.496,100,6.384,0.006384,1.52,26.74074074,0.2584
2009-02-23,4.86,100,7.92,0.00054,1.8,37.29166666,0
2009-02-24,3.111,100,4.392,0,1.761375,26.89930555,0
2009-02-25,5.984,100,8.624,0.001232,1.738,65.38888889,0
2009-02-26,9.348,100,11.644,0.009184,1.5375,75.54629629,0
2009-02-27,8.9,100,8.188,0.000534,1.513,98.27083333,0
2009-02-28,6.732,100,2.904,0.000396,1.2375,65.69444445,0
2009-03-01,13.134,100,6.368,0,1.791,111.7071759,0
2009-03-02,10.296,100,4.576,0.003718,1.340625,41.04629629,0
2009-03-03,9.231,100,4.525,0,1.334875,104.1168982,0
2009-03-04,8.721,100,6.84,0,1.06875,110.4375,0
2009-03-05,7.29,70.2,3.42,0.00198,0.54,48.95833334,0
2009-03-06,7.958,100,5.017,0.001557,1.73,23.8275463,0
2009-03-07,3.458,82.81,2.548,0.000091,0.898625,14.85069444,0
2009-03-08,4.914,100,3.906,0.002268,0.89775,47.6875,0
2009-03-09,5.504,100,5.76,0.002816,0.864,134.0740741,0
2009-03-10,8.45,100,8.45,0.000845,1.499875,120.4907407,0
2009-03-11,3.344,63.08,2.584,0,0.608,33.25,0
2009-03-12,6.44,100,5.04,0.00868,1.3475,92.52314814,0
2009-03-13,9.9,100,4.8,0.00105,1.3125,86.28472223,0
2009-03-14,9.62,100,2.73,0.00299,0.975,156.7824075,0
2009-03-15,9.009,100,3.978,0.001404,1.096875,55.11458333,0
2009-03-16,6.279,72.8,1.82,0.000273,0.84175,71.51504629,0
2009-03-17,7.2,58.5,5.22,0,0.52875,105.625,0
2009-03-18,5.772,75.48,4.329,0,0.36075,153.78125,0
2009-03-19,8.533,85.33,6.44,0,0.905625,259.7615741,0
2009-03-20,3.276,70.56,2.646,0,0.567,195.8541666,0
2009-03-21,7.954,100,6.596,0.000194,1.6005,255.5231482,0
2009-03-22,5.12,60.8,4.64,0.00024,0.78,35,0
2009-03-23,9.638,100,12.798,0.009954,1.48125,48.0949074,0
2009-03-24,2.576,100,9.384,0.001472,1.104,170.7962963,0
2009-03-25,3.104,100,6.984,0,1.43075,244.2962962,0
2009-03-26,9.027,100,5.664,0.003363,1.72575,94.03125,0
2009-03-27,13.72,100,9.408,0.00294,1.6905,159.9305556,0
2009-03-28,12.74,100,8.428,0.004704,1.568,133.6157407,0
2009-03-29,8.432,100,5.168,0,1.02,180.0740741,0
2009-03-30,4.331,56.8,0.994,0,0.4615,84.06597224,0
2009-03-31,5.832,52.65,1.215,0,0.151875,166.3125,0
